condition,confidence,ensemble_signal,override_active,repetition,scenario_id,score_GRO_FISHER_001,score_GRO_LYNCH_001,score_GRO_SOROS_001,score_MAC_DALIO_001,score_MAC_MARKS_001,score_MAC_SIMONS_001,score_RSK_SHANNON_001,score_RSK_TALEB_001,score_RSK_THORP_001,score_VAL_BUFFETT_001,score_VAL_GRAHAM_001,score_VAL_MUNGER_001,tension_score
C1,0.07548377928451394,0.04424857014646131,False,1,S01,0.042225258713878465,0.043956253548369295,0.04112583983928383,0.04586596134561982,0.04377616081999649,0.05177808486114585,0.07548377928451394,0.7170752854929726,0.07643997062922855,0.07197231104370522,0.028822389242432207,0.07274985139009368,0.16792275354748062
C3,0.07548377928451394,0.0491413456449472,False,1,S01,0.042225258713878465,0.043956253548369295,0.04112583983928383,0.04586596134561982,0.04377616081999649,0.05177808486114585,0.07548377928451394,0.7170752854929726,0.07643997062922855,0.07197231104370522,0.028822389242432207,0.07274985139009368,0.16792275354748062
